タイムスタンプ,Q1: あなたの学科を教えてください,Q2: あなたの学年を教えてください,Q3: あなたの属性を教えてください,Q4: あなたはアルバイトをしていますか？,"Q4-1: Q4でアルバイトをしていると答えた人にお伺いします。
平日は何曜日にアルバイトしていますか？（複数回答可）",Q5: 直近２週間の平日のおおよその平均睡眠時間を教えてください,Q6:  平日の睡眠時間に満足していますか？,"Q6－1:  Q6で「あまり満足していない」「まったく満足していない」と答えた方にお伺いいたします。
満足する睡眠時間がとれていない原因はなんだと思いますか？
あてはまるものを選んでください。（複数選択可）",Q6－2:   Q6－1で答えたものに、平日1日あたり合計してどのくらいの時間を使っていますか？,Q7:   直近２週間の授業におけるあなたの集中の状態を教えてください,"Q7－1:  Q7で「あまり集中できていない」「まったく集中できていない」と答えた方にお伺いします。
集中できていない理由はなんだと思いますか？（複数選択可）"
5/8/2026 16:04:56,データサイエンス＋AI科,１年生,留学生,はい,4から5回,5時間から6時間,あまり満足していない,"アルバイト, 勉強",５時間以上,あまり集中できていない,"日本語が難しい, 授業の内容が難しい"
5/11/2026 21:03:02,データサイエンス＋AI科,１年生,留学生,はい,金曜日,5時間以下,あまり満足していない,"勉強, Youtube・tiktokなどの動画視聴, ストレスや心配事",５時間以上,あまり集中できていない,"睡眠が足りていない, 疲れている, 日本語が難しい, 授業の内容が難しい, 心配事がある"
5/12/2026 13:35:23,データサイエンス＋AI科,２年生,留学生,はい,"水曜日, 木曜日",5時間から6時間,まったく満足していない,"アルバイト, Youtube・tiktokなどの動画視聴, Instagramなどの上記以外のSNS, 友人・家族・恋人などとのメッセージや電話, ストレスや心配事, 趣味",４から５時間,あまり集中できていない,"睡眠が足りていない, 疲れている, 日本語が難しい, 授業の内容が難しい, 心配事がある"
5/12/2026 14:59:52,データサイエンス＋AI科,２年生,留学生,はい,"火曜日, 水曜日",5時間から6時間,まったく満足していない,"アルバイト, 勉強, Instagramなどの上記以外のSNS, 友人・家族・恋人などとのメッセージや電話, 趣味",５時間以上,集中できている,
5/12/2026 15:19:44,データサイエンス＋AI科,１年生,日本人,いいえ,,5時間以下,まったく満足していない,育児,３から４時間,集中できている,
5/12/2026 15:19:49,データサイエンス＋AI科,１年生,留学生,はい,"木曜日, 金曜日",5時間から6時間,満足している,アルバイト,３から４時間,よく集中できている,疲れている
5/12/2026 15:20:10,データサイエンス＋AI科,１年生,留学生,はい,"月曜日, 火曜日, 水曜日",6時間から7時間,満足している,,,よく集中できている,
5/12/2026 15:21:24,データサイエンス＋AI科,１年生,留学生,はい,"火曜日, 金曜日",5時間から6時間,まったく満足していない,"アルバイト, Youtube・tiktokなどの動画視聴, ストレスや心配事",５時間以上,あまり集中できていない,"睡眠が足りていない, 疲れている, 日本語が難しい, 授業の内容が難しい, 心配事がある, 教室の環境が良くない"
5/12/2026 15:28:38,データサイエンス＋AI科,１年生,日本人,いいえ,,7時間から8時間,あまり満足していない,"勉強, ストレスや心配事",３から４時間,あまり集中できていない,"睡眠が足りていない, 疲れている, 授業の内容が難しい, 教室の環境が良くない"
5/12/2026 15:30:35,データサイエンス＋AI科,１年生,日本人,いいえ,,6時間から7時間,あまり満足していない,"勉強, ゲーム",３から４時間,集中できている,
5/12/2026 16:35:24,データサイエンス＋AI科,１年生,日本人,いいえ,,7時間から8時間,満足している,,,集中できている,
5/12/2026 16:39:12,データサイエンス＋AI科,１年生,日本人,いいえ,,5時間以下,まったく満足していない,今までの生活習慣による慣れ,,あまり集中できていない,"睡眠が足りていない, 授業の内容が難しい"
5/13/2026 7:07:50,データサイエンス＋AI科,１年生,日本人,いいえ,,8時間以上,とても満足している,,,よく集中できている,
5/13/2026 9:20:52,データサイエンス＋AI科,１年生,留学生,はい,"月曜日, 火曜日, 水曜日, 木曜日, 金曜日",5時間以下,あまり満足していない,アルバイト,５時間以上,集中できている,
5/13/2026 12:08:24,データサイエンス＋AI科,１年生,日本人,いいえ,,7時間から8時間,満足している,,,あまり集中できていない,教室の環境が良くない
5/13/2026 12:46:54,情報処理科,２年生,日本人,はい,"月曜日, 火曜日, 水曜日, 木曜日, 金曜日",5時間以下,満足している,,,集中できている,
5/13/2026 12:47:49,Web動画クリエイター科,２年生,日本人,はい,"水曜日, 金曜日",5時間以下,まったく満足していない,"アルバイト, 勉強, Youtube・tiktokなどの動画視聴, ストレスや心配事",５時間以上,あまり集中できていない,"睡眠が足りていない, 疲れている, 授業の内容が難しい"
5/13/2026 12:48:08,情報処理科,２年生,日本人,はい,"火曜日, 木曜日",6時間から7時間,満足している,,,集中できている,
5/13/2026 12:48:25,建築監督科,４年生,日本人,はい,金曜日,5時間から6時間,あまり満足していない,"Instagramなどの上記以外のSNS, 通学時間が長い",３から４時間,あまり集中できていない,"睡眠が足りていない, 疲れている"
5/13/2026 12:48:30,loT+AI科,２年生,日本人,はい,,5時間から6時間,あまり満足していない,趣味,３から４時間,集中できている,教室の環境が良くない
5/13/2026 12:48:31,建築監督科,２年生,留学生,はい,"木曜日, 金曜日",5時間から6時間,とても満足している,,３から４時間,集中できている,
5/13/2026 12:48:44,情報処理科,２年生,留学生,いいえ,金曜日,5時間から6時間,まったく満足していない,"アルバイト, 勉強, 友人・家族・恋人などとのメッセージや電話",３から４時間,あまり集中できていない,"睡眠が足りていない, 疲れている"
5/13/2026 12:49:35,建築監督科,２年生,留学生,はい,"月曜日, 火曜日, 水曜日, 木曜日",6時間から7時間,満足している,,,,
5/13/2026 12:50:24,建築監督科,２年生,日本人,はい,"月曜日, 火曜日, 水曜日, 金曜日",5時間から6時間,あまり満足していない,アルバイト,４から５時間,あまり集中できていない,睡眠が足りていない
5/13/2026 12:50:42,建築科,１年生,留学生,はい,"水曜日, 木曜日",5時間から6時間,満足している,"アルバイト, 勉強",４から５時間,まったく集中できていない,"睡眠が足りていない, 疲れている, 日本語が難しい"
5/13/2026 12:50:57,建築監督科,４年生,日本人,はい,"火曜日, 水曜日, 金曜日",5時間から6時間,あまり満足していない,"アルバイト, ゲーム, 趣味",３から４時間,集中できている,
5/13/2026 12:51:20,建築監督科,３年生,日本人,はい,"火曜日, 木曜日",6時間から7時間,あまり満足していない,"Youtube・tiktokなどの動画視聴, Instagramなどの上記以外のSNS, ストレスや心配事",４から５時間,あまり集中できていない,"睡眠が足りていない, 疲れている"
5/13/2026 12:51:44,情報処理科,２年生,留学生,はい,"火曜日, 木曜日",5時間から6時間,まったく満足していない,"アルバイト, 勉強, 友人・家族・恋人などとのメッセージや電話",４から５時間,あまり集中できていない,"睡眠が足りていない, 疲れている"
5/13/2026 12:51:52,情報処理科,２年生,留学生,はい,"火曜日, 木曜日",5時間以下,まったく満足していない,"勉強, ストレスや心配事",５時間以上,あまり集中できていない,日本語が難しい
5/13/2026 12:51:57,建築監督科,１年生,留学生,はい,"月曜日, 火曜日, 水曜日, 金曜日",5時間から6時間,とても満足している,アルバイト,５時間以上,よく集中できている,
5/13/2026 12:52:03,Web動画クリエイター科,２年生,留学生,はい,"月曜日, 木曜日, 金曜日",7時間から8時間,満足している,,,集中できている,
5/13/2026 12:52:10,建築科,１年生,留学生,はい,"月曜日, 火曜日, 水曜日",5時間から6時間,あまり満足していない,"勉強, ストレスや心配事, 通学時間が長い",３から４時間,集中できている,"疲れている, 日本語が難しい"
5/13/2026 12:52:37,Web動画クリエイター科,２年生,留学生,はい,"火曜日, 水曜日, 木曜日, 金曜日",5時間から6時間,あまり満足していない,"アルバイト, 通学時間が長い",５時間以上,集中できている,疲れている
5/13/2026 12:53:04,建築監督科,４年生,日本人,はい,"月曜日, 水曜日",5時間以下,あまり満足していない,"アルバイト, ゲーム, Youtube・tiktokなどの動画視聴, Instagramなどの上記以外のSNS, 友人・家族・恋人などとのメッセージや電話, ストレスや心配事, 趣味, 通学時間が長い",５時間以上,あまり集中できていない,"疲れている, 日本語が難しい, 心配事がある, 教室の環境が良くない"
5/13/2026 12:53:43,情報処理科,２年生,留学生,はい,"火曜日, 水曜日, 金曜日",5時間から6時間,あまり満足していない,"アルバイト, 勉強, 通学時間が長い",５時間以上,あまり集中できていない,"睡眠が足りていない, 心配事がある"
5/13/2026 12:53:56,データサイエンス＋AI科,２年生,留学生,はい,"月曜日, 火曜日, 水曜日",6時間から7時間,満足している,"アルバイト, 勉強, Youtube・tiktokなどの動画視聴, Instagramなどの上記以外のSNS",３から４時間,集中できている,"日本語が難しい, 授業の内容が難しい"
5/13/2026 12:54:10,情報処理科,２年生,日本人,いいえ,,5時間から6時間,あまり満足していない,趣味,３時間以下,あまり集中できていない,"睡眠が足りていない, 疲れている, 授業の内容が難しい"
5/13/2026 12:54:26,情報処理科,２年生,日本人,いいえ,,6時間から7時間,あまり満足していない,"勉強, 友人・家族・恋人などとのメッセージや電話, ",５時間以上,集中できている,授業の内容が難しい
5/13/2026 12:55:11,情報処理科,２年生,留学生,はい,"火曜日, 水曜日, 木曜日, 金曜日",5時間から6時間,あまり満足していない,"ストレスや心配事, 通学時間が長い",,集中できている,
5/13/2026 12:55:43,情報処理科,２年生,留学生,はい,"水曜日, 木曜日, 金曜日",6時間から7時間,あまり満足していない,"アルバイト, 勉強, 通学時間が長い",４から５時間,あまり集中できていない,"睡眠が足りていない, 授業の内容が難しい"
5/13/2026 12:56:24,ゲーム＋デジタルクリエイター科,１年生,日本人,いいえ,,6時間から7時間,あまり満足していない,"ゲーム, Youtube・tiktokなどの動画視聴",５時間以上,集中できている,
5/13/2026 12:56:41,建築監督科,１年生,留学生,はい,"水曜日, 金曜日",6時間から7時間,満足している,,,集中できている,
5/13/2026 12:56:55,情報処理科,２年生,留学生,はい,"月曜日, 火曜日, 水曜日",5時間から6時間,満足している,"アルバイト, 勉強",５時間以上,あまり集中できていない,"睡眠が足りていない, 心配事がある"
5/13/2026 12:57:40,ゲーム＋デジタルクリエイター科,１年生,日本人,はい,"水曜日, 金曜日",6時間から7時間,あまり満足していない,ゲーム,３時間以下,集中できている,
5/13/2026 12:59:32,Web動画クリエイター科,１年生,留学生,はい,"月曜日, 火曜日, 水曜日, 木曜日, 金曜日",5時間以下,満足している,,,集中できている,
5/13/2026 13:01:20,建築監督科,２年生,日本人,いいえ,,5時間から6時間,あまり満足していない,"勉強, Youtube・tiktokなどの動画視聴, 友人・家族・恋人などとのメッセージや電話, 通学時間が長い",５時間以上,集中できている,
5/13/2026 13:01:39,建築科,１年生,日本人,いいえ,,6時間から7時間,あまり満足していない,"友人・家族・恋人などとのメッセージや電話, ストレスや心配事, 趣味",３時間以下,集中できている,
5/13/2026 13:02:33,,１年生,留学生,はい,"月曜日, 火曜日, 水曜日",6時間から7時間,満足している,,,よく集中できている,
5/13/2026 13:03:09,Web動画クリエイター科,２年生,日本人,いいえ,,6時間から7時間,あまり満足していない,"勉強, Youtube・tiktokなどの動画視聴, Instagramなどの上記以外のSNS, ストレスや心配事, 通学時間が長い",５時間以上,あまり集中できていない,"睡眠が足りていない, 疲れている, 授業の内容が難しい, 心配事がある, 教室の環境が良くない"
5/13/2026 13:05:42,情報処理科,２年生,,はい,"月曜日, 火曜日, 水曜日, 木曜日",5時間から6時間,まったく満足していない,通学時間が長い,３時間以下,あまり集中できていない,"睡眠が足りていない, 疲れている, 授業の内容が難しい"
5/13/2026 13:06:37,loT+AI科,２年生,留学生,はい,"月曜日, 火曜日",7時間から8時間,満足している,,,よく集中できている,
5/13/2026 13:09:02,建築科,１年生,留学生,はい,"月曜日, 水曜日, 金曜日",6時間から7時間,あまり満足していない,"アルバイト, 勉強",４から５時間,集中できている,
5/13/2026 13:09:04,建築科,１年生,日本人,はい,金曜日,5時間から6時間,あまり満足していない,"アルバイト, Youtube・tiktokなどの動画視聴",４から５時間,集中できている,疲れている
5/13/2026 13:09:54,建築科,１年生,留学生,はい,"月曜日, 水曜日, 木曜日, 金曜日",7時間から8時間,満足している,,,集中できている,
5/13/2026 13:10:10,建築監督科,１年生,日本人,いいえ,,7時間から8時間,満足している,,,あまり集中できていない,"疲れている, 心配事がある"
5/13/2026 13:10:24,建築科,１年生,留学生,いいえ,,5時間から6時間,満足している,,,集中できている,
5/13/2026 13:11:23,情報処理科,２年生,日本人,はい,,7時間から8時間,満足している,,,よく集中できている,
5/13/2026 13:13:05,建築科,１年生,留学生,はい,"水曜日, 木曜日, 金曜日",5時間以下,満足している,,,集中できている,
5/13/2026 13:13:17,建築科,１年生,日本人,いいえ,,6時間から7時間,あまり満足していない,就業時間の関係,５時間以上,集中できている,
5/13/2026 13:13:19,情報処理科,２年生,日本人,いいえ,,6時間から7時間,あまり満足していない,"ゲーム, Youtube・tiktokなどの動画視聴, Instagramなどの上記以外のSNS, 趣味",４から５時間,よく集中できている,
5/13/2026 13:14:15,loT+AI科,１年生,日本人,いいえ,,5時間から6時間,あまり満足していない,"ゲーム, 趣味",５時間以上,集中できている,
5/13/2026 13:14:18,loT+AI科,１年生,日本人,はい,"月曜日, 水曜日, 金曜日",5時間から6時間,あまり満足していない,"アルバイト, 勉強, ゲーム",３から４時間,集中できている,
5/13/2026 13:14:45,情報処理科,２年生,日本人,はい,"月曜日, 水曜日, 金曜日",6時間から7時間,あまり満足していない,"アルバイト, Youtube・tiktokなどの動画視聴, 友人・家族・恋人などとのメッセージや電話",３から４時間,集中できている,
5/13/2026 13:17:33,情報処理科,１年生,日本人,いいえ,,7時間から8時間,あまり満足していない,"勉強, ストレスや心配事",３から４時間,あまり集中できていない,"睡眠が足りていない, 疲れている, 授業の内容が難しい"
5/13/2026 13:20:04,建築科,１年生,日本人,いいえ,,7時間から8時間,満足している,,,よく集中できている,
5/13/2026 13:22:22,建築科,１年生,日本人,いいえ,,7時間から8時間,満足している,,,集中できている,
5/13/2026 13:22:41,インテリア科,２年生,日本人,はい,,8時間以上,とても満足している,,,あまり集中できていない,持病
5/13/2026 13:23:33,情報処理科,２年生,留学生,はい,"木曜日, 金曜日",5時間から6時間,あまり満足していない,勉強,５時間以上,よく集中できている,
5/13/2026 13:23:51,情報処理科,１年生,日本人,はい,月曜日,7時間から8時間,あまり満足していない,"アルバイト, 勉強",５時間以上,あまり集中できていない,"睡眠が足りていない, 疲れている, 授業の内容が難しい"
5/13/2026 13:24:12,建築科,１年生,留学生,はい,金曜日,6時間から7時間,満足している,,５時間以上,集中できている,
5/13/2026 13:25:38,建築科,２年生,留学生,はい,"月曜日, 火曜日",5時間から6時間,あまり満足していない,"アルバイト, Youtube・tiktokなどの動画視聴",５時間以上,あまり集中できていない,"疲れている, 日本語が難しい"
5/13/2026 13:30:26,情報処理科,１年生,留学生,はい,"火曜日, 木曜日, 金曜日",6時間から7時間,あまり満足していない,"アルバイト, Youtube・tiktokなどの動画視聴",５時間以上,集中できている,
5/13/2026 13:32:45,建築科,２年生,留学生,いいえ,,7時間から8時間,満足している,Youtube・tiktokなどの動画視聴,３から４時間,集中できている,日本語が難しい
5/13/2026 13:33:57,Web動画クリエイター科,１年生,日本人,はい,"火曜日, 金曜日",5時間以下,まったく満足していない,"アルバイト, 友人・家族・恋人などとのメッセージや電話",３から４時間,あまり集中できていない,"睡眠が足りていない, 疲れている"
5/13/2026 13:45:35,建築監督科,１年生,留学生,はい,"月曜日, 火曜日, 水曜日, 金曜日",7時間から8時間,あまり満足していない,"アルバイト, 勉強, ゲーム, Youtube・tiktokなどの動画視聴, Instagramなどの上記以外のSNS, 友人・家族・恋人などとのメッセージや電話, ストレスや心配事",５時間以上,あまり集中できていない,"睡眠が足りていない, 疲れている, 日本語が難しい"
5/13/2026 14:05:19,建築監督科,２年生,留学生,はい,"月曜日, 火曜日, 水曜日, 木曜日, 金曜日",7時間から8時間,とても満足している,,,集中できている,
5/13/2026 14:07:50,建築科,１年生,日本人,いいえ,,6時間から7時間,満足している,,,集中できている,
5/13/2026 14:09:05,情報処理科,２年生,日本人,いいえ,,5時間から6時間,まったく満足していない,"勉強, ゲーム, Youtube・tiktokなどの動画視聴, 趣味",５時間以上,集中できている,
5/13/2026 14:49:35,ゲームプログラミング科,２年生,留学生,はい,"月曜日, 火曜日, 水曜日, 金曜日",6時間から7時間,あまり満足していない,"アルバイト, 勉強",５時間以上,あまり集中できていない,睡眠が足りていない
5/13/2026 14:58:10,loT+AI科,２年生,留学生,はい,"月曜日, 火曜日, 水曜日, 木曜日, 金曜日",5時間から6時間,まったく満足していない,趣味,３から４時間,あまり集中できていない,"睡眠が足りていない, 日本語が難しい"
5/13/2026 14:59:58,情報処理科,２年生,留学生,はい,"火曜日, 金曜日",5時間から6時間,あまり満足していない,"Youtube・tiktokなどの動画視聴, ストレスや心配事, 通学時間が長い",３から４時間,集中できている,
5/13/2026 15:13:12,情報処理科,１年生,日本人,はい,木曜日,5時間から6時間,あまり満足していない,"アルバイト, 勉強, ゲーム, 友人・家族・恋人などとのメッセージや電話, 趣味, 通学時間が長い",４から５時間,集中できている,
5/13/2026 15:14:29,インテリア科,２年生,日本人,はい,"月曜日, 火曜日, 金曜日",5時間から6時間,あまり満足していない,"アルバイト, Youtube・tiktokなどの動画視聴",５時間以上,集中できている,
5/13/2026 15:14:56,情報処理科,２年生,留学生,はい,"月曜日, 火曜日, 木曜日, 金曜日",5時間以下,あまり満足していない,"アルバイト, 通学時間が長い",,あまり集中できていない,睡眠が足りていない
5/13/2026 15:16:05,インテリア科,１年生,日本人,はい,"月曜日, 火曜日, 水曜日, 木曜日, 金曜日",5時間から6時間,満足している,,,集中できている,
5/13/2026 15:22:51,Web動画クリエイター科,２年生,日本人,はい,"火曜日, 木曜日, 金曜日",6時間から7時間,あまり満足していない,アルバイト,３から４時間,集中できている,疲れている
5/13/2026 15:32:58,建築監督科,２年生,留学生,はい,"月曜日, 水曜日, 木曜日",6時間から7時間,あまり満足していない,"アルバイト, 勉強, Youtube・tiktokなどの動画視聴, 通学時間が長い",３時間以下,あまり集中できていない,"日本語が難しい, 心配事がある"
5/13/2026 15:42:55,インテリア科,１年生,日本人,いいえ,,6時間から7時間,満足している,,,よく集中できている,
5/13/2026 15:44:00,インテリア科,１年生,日本人,はい,"火曜日, 水曜日, 金曜日",6時間から7時間,まったく満足していない,通学時間が長い,４から５時間,あまり集中できていない,"睡眠が足りていない, 疲れている, 授業の内容が難しい, 心配事がある"
5/13/2026 15:44:13,インテリア科,１年生,日本人,はい,"水曜日, 金曜日",6時間から7時間,満足している,,,集中できている,
5/13/2026 15:44:25,インテリア科,１年生,日本人,いいえ,,5時間から6時間,満足している,,,あまり集中できていない,高校との授業時間の変化にまだ慣れていない。
5/13/2026 15:44:58,インテリア科,１年生,留学生,いいえ,,7時間から8時間,満足している,,,集中できている,
5/13/2026 15:45:14,インテリア科,１年生,留学生,はい,"月曜日, 木曜日, 金曜日",5時間から6時間,満足している,,,集中できている,
5/13/2026 15:45:20,インテリア科,１年生,日本人,いいえ,,5時間から6時間,あまり満足していない,ストレスや心配事,３時間以下,あまり集中できていない,睡眠が足りていない
5/13/2026 15:45:20,インテリア科,１年生,留学生,はい,金曜日,5時間から6時間,あまり満足していない,"勉強, Instagramなどの上記以外のSNS",５時間以上,集中できている,
5/13/2026 15:45:41,インテリア科,１年生,日本人,はい,"火曜日, 金曜日",5時間から6時間,あまり満足していない,"アルバイト, 勉強, Youtube・tiktokなどの動画視聴",５時間以上,あまり集中できていない,"睡眠が足りていない, 疲れている"
5/13/2026 15:45:55,インテリア科,１年生,日本人,はい,"月曜日, 火曜日, 水曜日, 木曜日, 金曜日",6時間から7時間,まったく満足していない,"Youtube・tiktokなどの動画視聴, Instagramなどの上記以外のSNS, 趣味",３から４時間,集中できている,"睡眠が足りていない, 疲れている, 教室の環境が良くない"
5/13/2026 15:46:18,インテリア科,１年生,留学生,はい,"月曜日, 水曜日, 木曜日, 金曜日",6時間から7時間,あまり満足していない,"アルバイト, Youtube・tiktokなどの動画視聴, 趣味",４から５時間,集中できている,"睡眠が足りていない, 日本語が難しい"
5/13/2026 15:46:42,インテリア科,１年生,留学生,はい,"月曜日, 木曜日, 金曜日",6時間から7時間,まったく満足していない,"友人・家族・恋人などとのメッセージや電話, 趣味",３時間以下,集中できている,
5/13/2026 15:47:36,インテリア科,２年生,日本人,はい,"月曜日, 水曜日, 金曜日",5時間以下,まったく満足していない,"アルバイト, ゲーム, ストレスや心配事, 趣味",３時間以下,あまり集中できていない,"睡眠が足りていない, 疲れている"
5/13/2026 15:47:41,インテリア科,１年生,留学生,はい,"火曜日, 水曜日, 木曜日, 金曜日",5時間から6時間,あまり満足していない,趣味,４から５時間,あまり集中できていない,日本語が難しい
5/13/2026 15:50:12,Web動画クリエイター科,２年生,日本人,はい,,5時間から6時間,あまり満足していない,"アルバイト, 勉強, ゲーム, Youtube・tiktokなどの動画視聴, ストレスや心配事, 趣味",５時間以上,あまり集中できていない,"睡眠が足りていない, 疲れている"
5/13/2026 15:50:37,インテリア科,１年生,留学生,はい,,6時間から7時間,満足している,,,集中できている,
5/13/2026 16:01:47,インテリア科,１年生,留学生,はい,"火曜日, 水曜日, 木曜日, 金曜日",5時間から6時間,あまり満足していない,"アルバイト, 勉強, ストレスや心配事",４から５時間,あまり集中できていない,日本語が難しい
5/13/2026 16:37:09,情報処理科,２年生,留学生,はい,"月曜日, 火曜日, 水曜日, 木曜日, 金曜日",5時間から6時間,まったく満足していない,"アルバイト, 勉強",５時間以上,あまり集中できていない,"睡眠が足りていない, 疲れている, 日本語が難しい, 授業の内容が難しい"
5/13/2026 16:40:55,建築科,１年生,日本人,いいえ,,5時間以下,まったく満足していない,家事と勉強と起床時間の時間配分がまだうまく出来ていない,３時間以下,集中できている,"睡眠が足りていない, 疲れている"
5/13/2026 16:42:29,loT+AI科,２年生,留学生,はい,"月曜日, 水曜日",7時間から8時間,満足している,趣味,３から４時間,集中できている,
5/13/2026 16:43:27,情報処理科,２年生,留学生,はい,"水曜日, 木曜日, 金曜日",5時間から6時間,あまり満足していない,"アルバイト, 勉強, ゲーム, Youtube・tiktokなどの動画視聴, 友人・家族・恋人などとのメッセージや電話",４から５時間,集中できている,"睡眠が足りていない, 疲れている, 授業の内容が難しい"
5/13/2026 16:48:20,建築科,１年生,日本人,いいえ,,5時間から6時間,あまり満足していない,"勉強, ゲーム, Youtube・tiktokなどの動画視聴, 趣味, 通学時間が長い",４から５時間,集中できている,
5/13/2026 16:58:24,建築監督科,４年生,日本人,はい,,5時間から6時間,とても満足している,,,集中できている,
5/13/2026 17:00:38,データサイエンス＋AI科,１年生,留学生,はい,"火曜日, 水曜日, 金曜日",8時間以上,満足している,,５時間以上,あまり集中できていない,"日本語が難しい, 授業の内容が難しい"
5/13/2026 17:21:00,Web動画クリエイター科,２年生,日本人,はい,,5時間以下,まったく満足していない,"勉強, ストレスや心配事, 通学時間が長い",３から４時間,あまり集中できていない,"睡眠が足りていない, 疲れている"
5/13/2026 17:21:35,情報処理科,２年生,日本人,いいえ,,5時間以下,あまり満足していない,"ゲーム, Youtube・tiktokなどの動画視聴, 友人・家族・恋人などとのメッセージや電話, ストレスや心配事, 趣味",５時間以上,集中できている,
5/13/2026 17:39:58,Web動画クリエイター科,２年生,日本人,はい,"月曜日, 木曜日",5時間から6時間,あまり満足していない,"アルバイト, Youtube・tiktokなどの動画視聴, Instagramなどの上記以外のSNS, ストレスや心配事",３から４時間,あまり集中できていない,"睡眠が足りていない, 疲れている, 授業の内容が難しい, 心配事がある"
5/13/2026 18:27:13,データサイエンス＋AI科,２年生,留学生,はい,"月曜日, 火曜日, 木曜日, 金曜日",6時間から7時間,あまり満足していない,"友人・家族・恋人などとのメッセージや電話, ストレスや心配事",３から４時間,集中できている,"睡眠が足りていない, 日本語が難しい, 心配事がある"
5/13/2026 18:33:50,バイオテクノロジー科,１年生,日本人,いいえ,,5時間から6時間,満足している,,,集中できている,
5/13/2026 21:27:24,バイオテクノロジー科,１年生,日本人,いいえ,,6時間から7時間,あまり満足していない,寝付けない,,集中できている,
5/13/2026 21:38:35,建築監督科,１年生,日本人,いいえ,,6時間から7時間,満足している,,,集中できている,
5/13/2026 22:31:35,バイオテクノロジー科,１年生,日本人,いいえ,,5時間から6時間,あまり満足していない,"勉強, ゲーム, Youtube・tiktokなどの動画視聴, Instagramなどの上記以外のSNS, ストレスや心配事, 趣味",３から４時間,集中できている,
5/13/2026 22:41:25,建築科,２年生,日本人,はい,"月曜日, 火曜日, 水曜日, 木曜日, 金曜日",6時間から7時間,満足している,,,よく集中できている,
5/13/2026 23:53:12,データサイエンス＋AI科,１年生,留学生,はい,"水曜日, 木曜日, 金曜日",5時間以下,満足している,,５時間以上,あまり集中できていない,授業の内容が難しい
5/14/2026 0:10:51,情報処理科,１年生,日本人,いいえ,,6時間から7時間,あまり満足していない,"勉強, 家事育児",３から４時間,集中できている,
5/14/2026 1:09:49,データサイエンス＋AI科,１年生,日本人,いいえ,,5時間以下,まったく満足していない,"ストレスや心配事, ",３時間以下,集中できている,
5/14/2026 7:21:16,ゲームプログラミング科,２年生,日本人,はい,木曜日,6時間から7時間,あまり満足していない,"アルバイト, Youtube・tiktokなどの動画視聴",５時間以上,あまり集中できていない,"睡眠が足りていない, 疲れている, 教室の環境が良くない"
5/14/2026 8:27:12,建築監督科,４年生,日本人,はい,,7時間から8時間,満足している,,,集中できている,
5/14/2026 9:20:58,情報処理科,１年生,日本人,はい,"月曜日, 水曜日, 金曜日",7時間から8時間,あまり満足していない,アルバイト,３から４時間,集中できている,
5/14/2026 9:31:16,建築監督科,１年生,留学生,はい,"月曜日, 火曜日, 金曜日",5時間から6時間,満足している,,５時間以上,集中できている,
5/14/2026 10:28:28,情報処理科,２年生,留学生,はい,"水曜日, 木曜日, 金曜日",5時間から6時間,あまり満足していない,"Instagramなどの上記以外のSNS, 友人・家族・恋人などとのメッセージや電話, 考かんがえすぎ",３時間以下,集中できている,
5/14/2026 10:58:32,データサイエンス＋AI科,１年生,留学生,はい,,8時間以上,とても満足している,,５時間以上,集中できている,
5/14/2026 11:58:14,建築監督科,１年生,日本人,はい,"月曜日, 水曜日, 金曜日",5時間から6時間,あまり満足していない,"アルバイト, 勉強, 友人・家族・恋人などとのメッセージや電話, 通学時間が長い",５時間以上,あまり集中できていない,"睡眠が足りていない, 疲れている, 授業の内容が難しい, 心配事がある"
5/14/2026 12:52:17,建築科,２年生,日本人,はい,"火曜日, 木曜日",5時間以下,あまり満足していない,"アルバイト, 勉強, Youtube・tiktokなどの動画視聴, 通学時間が長い",３時間以下,集中できている,
5/14/2026 13:33:01,インテリア科,２年生,日本人,はい,"火曜日, 木曜日, 金曜日",7時間から8時間,満足している,,,集中できている,
5/14/2026 15:15:20,インテリア科,２年生,日本人,いいえ,,5時間以下,満足している,,,集中できている,
5/14/2026 15:25:51,インテリア科,１年生,留学生,はい,"月曜日, 火曜日, 金曜日",8時間以上,とても満足している,,,集中できている,
5/14/2026 21:50:38,建築科,１年生,留学生,はい,"月曜日, 火曜日, 水曜日",5時間から6時間,満足している,,,集中できている,
5/14/2026 22:58:52,情報処理科,１年生,日本人,いいえ,,5時間から6時間,あまり満足していない,"勉強, Youtube・tiktokなどの動画視聴",３から４時間,集中できている,
5/14/2026 23:38:23,Web動画クリエイター科,２年生,日本人,いいえ,,5時間から6時間,満足している,,,よく集中できている,
5/15/2026 8:31:00,情報処理科,１年生,留学生,はい,"火曜日, 水曜日",5時間から6時間,あまり満足していない,ストレスや心配事,,集中できている,
5/15/2026 9:05:38,建築科,３年生,日本人,はい,火曜日,5時間から6時間,満足している,,,集中できている,
5/15/2026 9:06:49,情報処理科,１年生,留学生,はい,"火曜日, 水曜日, 木曜日",7時間から8時間,とても満足している,,,集中できている,
5/15/2026 9:29:47,バイオテクノロジー科,１年生,日本人,はい,,5時間から6時間,満足している,"勉強, ゲーム",５時間以上,集中できている,
5/15/2026 11:20:21,Web動画クリエイター科,２年生,日本人,いいえ,,5時間から6時間,あまり満足していない,趣味,３時間以下,集中できている,
5/15/2026 11:23:23,データサイエンス＋AI科,２年生,留学生,はい,"水曜日, 金曜日",6時間から7時間,あまり満足していない,"アルバイト, 勉強, Instagramなどの上記以外のSNS",４から５時間,あまり集中できていない,"疲れている, 授業の内容が難しい"
5/15/2026 12:47:21,ゲームプログラミング科,２年生,日本人,いいえ,,6時間から7時間,あまり満足していない,"勉強, Youtube・tiktokなどの動画視聴, ストレスや心配事, 趣味",３から４時間,あまり集中できていない,睡眠が足りていない
5/15/2026 13:15:17,バイオテクノロジー科,１年生,日本人,はい,,6時間から7時間,あまり満足していない,通学時間が長い,４から５時間,集中できている,
5/15/2026 13:16:23,バイオテクノロジー科,１年生,日本人,はい,"火曜日, 水曜日, 金曜日",5時間から6時間,まったく満足していない,アルバイト,４から５時間,あまり集中できていない,"睡眠が足りていない, 授業の内容が難しい, 教室の環境が良くない"
5/15/2026 14:47:37,バイオテクノロジー科,１年生,日本人,いいえ,,6時間から7時間,まったく満足していない,"ストレスや心配事, 通学時間が長い",３から４時間,あまり集中できていない,"睡眠が足りていない, 疲れている, 授業の内容が難しい"
5/15/2026 15:22:33,インテリア科,２年生,日本人,はい,"火曜日, 木曜日",5時間から6時間,まったく満足していない,"アルバイト, 勉強, 友人・家族・恋人などとのメッセージや電話",５時間以上,あまり集中できていない,"睡眠が足りていない, 疲れている"
5/15/2026 20:04:59,loT+AI科,２年生,日本人,はい,"火曜日, 水曜日",5時間から6時間,あまり満足していない,"アルバイト, Instagramなどの上記以外のSNS, 趣味, 通学時間が長い, 個人開発",５時間以上,あまり集中できていない,"睡眠が足りていない, 疲れている, 心配事がある"
5/18/2026 8:26:04,バイオテクノロジー科,１年生,日本人,いいえ,,7時間から8時間,満足している,,,集中できている,
5/18/2026 9:17:31,loT+AI科,１年生,留学生,はい,"木曜日, 金曜日",5時間から6時間,あまり満足していない,"アルバイト, Youtube・tiktokなどの動画視聴, 友人・家族・恋人などとのメッセージや電話, 趣味, 通学時間が長い",３から４時間,集中できている,日本語が難しい
5/18/2026 9:27:26,建築監督科,１年生,留学生,はい,"月曜日, 火曜日, 木曜日",6時間から7時間,満足している,アルバイト,５時間以上,集中できている,授業の内容が難しい
5/18/2026 12:13:47,インテリア科,２年生,留学生,はい,火曜日,8時間以上,あまり満足していない,アルバイト,５時間以上,よく集中できている,
5/18/2026 12:13:53,インテリア科,２年生,日本人,はい,"火曜日, 木曜日",5時間以下,満足している,,,集中できている,
5/18/2026 12:14:18,インテリア科,２年生,日本人,はい,"月曜日, 火曜日, 木曜日, 金曜日",5時間以下,あまり満足していない,Instagramなどの上記以外のSNS,３から４時間,あまり集中できていない,"睡眠が足りていない, 授業の内容が難しい"
5/18/2026 12:15:41,インテリア科,２年生,留学生,はい,"火曜日, 水曜日",6時間から7時間,あまり満足していない,"アルバイト, 友人・家族・恋人などとのメッセージや電話, ストレスや心配事",４から５時間,集中できている,
5/18/2026 12:15:44,インテリア科,２年生,留学生,はい,"火曜日, 金曜日",6時間から7時間,まったく満足していない,"アルバイト, 勉強, Youtube・tiktokなどの動画視聴",４から５時間,あまり集中できていない,"睡眠が足りていない, 疲れている"
5/18/2026 12:16:50,インテリア科,２年生,日本人,はい,"月曜日, 水曜日",5時間から6時間,まったく満足していない,"アルバイト, ゲーム, Youtube・tiktokなどの動画視聴, Instagramなどの上記以外のSNS, 友人・家族・恋人などとのメッセージや電話, 趣味",５時間以上,あまり集中できていない,"睡眠が足りていない, 疲れている"
5/18/2026 13:25:09,情報処理科,１年生,留学生,はい,"水曜日, 木曜日, 金曜日",5時間から6時間,とても満足している,,５時間以上,集中できている,睡眠が足りていない
5/19/2026 8:09:58,建築監督科,１年生,留学生,はい,金曜日,7時間から8時間,満足している,"アルバイト, 勉強",３から４時間,集中できている,
5/20/2026 9:13:20,インテリア科,１年生,留学生,はい,"月曜日, 火曜日, 水曜日",6時間から7時間,満足している,趣味,３時間以下,集中できている,
5/20/2026 9:13:49,loT+AI科,１年生,留学生,はい,"月曜日, 水曜日, 木曜日",8時間以上,満足している,勉強,４から５時間,集中できている,授業の内容が難しい
5/20/2026 9:16:59,loT+AI科,１年生,留学生,はい,"月曜日, 火曜日, 水曜日, 木曜日",6時間から7時間,満足している,"アルバイト, 勉強",５時間以上,集中できている,"疲れている, 日本語が難しい"
5/20/2026 9:17:42,インテリア科,１年生,留学生,はい,"水曜日, 木曜日",5時間から6時間,満足している,,,集中できている,
5/20/2026 9:22:08,インテリア科,２年生,留学生,はい,"火曜日, 水曜日, 木曜日",7時間から8時間,満足している,"アルバイト, 通学時間が長い",４から５時間,集中できている,睡眠が足りていない
5/20/2026 10:11:40,loT+AI科,１年生,留学生,はい,"月曜日, 水曜日, 木曜日",7時間から8時間,満足している,Youtube・tiktokなどの動画視聴,４から５時間,集中できている,"疲れている, 日本語が難しい"
5/20/2026 10:33:32,情報処理科,１年生,留学生,はい,金曜日,6時間から7時間,まったく満足していない,"アルバイト, 勉強",５時間以上,集中できている,日本語が難しい
5/20/2026 11:45:55,ゲーム＋デジタルクリエイター科,１年生,留学生,はい,"火曜日, 木曜日",6時間から7時間,とても満足している,,,集中できている,
5/20/2026 16:02:02,インテリア科,１年生,留学生,はい,"月曜日, 火曜日, 水曜日",5時間以下,あまり満足していない,"勉強, Instagramなどの上記以外のSNS",５時間以上,集中できている,
